<?xml version="1.0" encoding="UTF-8"?>
<lint>
    <issue id="BackButton" severity="warning" />
    <issue id="EasterEgg" severity="warning" />
    <issue id="FieldGetter" severity="warning" />
    <issue id="IconExpectedSize" severity="warning" />
    <issue id="MissingTranslation" severity="error" />
    <issue id="StopShip" severity="warning" />
    <issue id="StringFormatCount" severity="error" />
    <issue id="StringFormatInvalid" severity="warning" />
    <issue id="TypographyQuotes" severity="warning" />
    <issue id="UnusedIds" severity="warning" />
    <issue id="Wakelock">
        <ignore path="src/biz/bokhorst/xprivacy/ActivityShare.java" />
    </issue>
</lint>